Workbook

Sheet README
A1: Procurement Hub & Bot Dashboard
A2: Sheet | B2: Table | C2: Migration | D2: Purpose
A3: items | B3: items | C3: 0002_plant.sql | D3: Master of stocked spares
A4: machines | B4: machines | C4: 0002_plant.sql | D4: Plant machines
A5: slips | B5: slips | C5: 0002_plant.sql | D5: Digital requisition slips
A6: movements | B6: movements | C6: 0002_plant.sql | D6: Immutable stock ledger
A7: bots | B7: bots | C7: 0003_bot_dashboard.sql | D7: RPA bot definitions
A8: bot_runs | B8: bot_runs | C8: 0003_bot_dashboard.sql | D8: Bot execution history
A9: alerts | B9: alerts | C9: 0003_bot_dashboard.sql | D9: Low-stock / bot alerts
A10: audit_logs | B10: audit_logs | C10: 0003_bot_dashboard.sql | D10: Append-only audit trail
A11: ER Diagram | B11: - | C11: - | D11: Visual relationship map
A12: Computed Views | B12: - | C12: SQL views | D12: InventoryRow / MachineStat / Refill Dashboard logic
A15: Conventions:
A16: - All tables are UNOWNED (no user_id) — one shared plant, unless auth is enabled.
A17: - movements.qty: negative = issue, positive = receive.
A18: - snake_case in SQL, camelCase in TS mappers.
A19: - Indexes exist on every FK + status + time column (see each sheet's Indexes note).
A20: - Legend: blue-header cols = Primary Key, orange-header cols = Foreign Key, green = computed/view-only.

Sheet items
A1: items — master of stocked spares
A2: migrations/0002_plant.sql | Index: code UNIQUE
A4: id (PK) | B4: code | C4: name | D4: uom | E4: reorder_level | F4: qty | G4: created_at | I4: low_stock? (qty<=reorder_level)
A5: 1 | B5: HYD-040 | C5: Hydraulic Oil ISO 68 | D5: Ltr | E5: 40 | F5: 120 | G5: 46205 | I5: =IF(F5<=E5,"LOW","OK") -> OK
A6: 2 | B6: BRG-6205 | C6: Ball Bearing 6205-2RS | D6: Pcs | E6: 20 | F6: 8 | G6: 46206 | I6: =IF(F6<=E6,"LOW","OK") -> LOW
A7: 3 | B7: BLT-A42 | C7: V-Belt A42 | D7: Pcs | E7: 10 | F7: 25 | G7: 46207 | I7: =IF(F7<=E7,"LOW","OK") -> OK
A8: 4 | B8: WLD-ROD6 | C8: Welding Rod 3.15mm | D8: Kg | E8: 15 | F8: 60 | G8: 46208 | I8: =IF(F8<=E8,"LOW","OK") -> OK
A9: 5 | B9: GRS-EP2 | C9: Grease EP2 | D9: Kg | E9: 12 | F9: 5 | G9: 46209 | I9: =IF(F9<=E9,"LOW","OK") -> LOW
A10: 6 | B10: SEAL-25X40 | C10: Oil Seal 25x40x7 | D10: Pair | E10: 8 | F10: 30 | G10: 46210 | I10: =IF(F10<=E10,"LOW","OK") -> OK
A11: 7 | B11: FLT-AIR12 | C11: Air Filter Cartridge | D11: Pcs | E11: 6 | F11: 2 | G11: 46211 | I11: =IF(F11<=E11,"LOW","OK") -> LOW
A12: 8 | B12: PNT-EP1 | C12: Epoxy Paint White | D12: Ltr | E12: 10 | F12: 40 | G12: 46212 | I12: =IF(F12<=E12,"LOW","OK") -> OK
A13: 9 | B13: NUT-M12 | C13: Hex Nut M12 | D13: Pcs | E13: 100 | F13: 480 | G13: 46213 | I13: =IF(F13<=E13,"LOW","OK") -> OK
A14: 10 | B14: CBL-3C25 | C14: Cable 3C x 2.5 sqmm | D14: Ltr | E14: 50 | F14: 15 | G14: 46214 | I14: =IF(F14<=E14,"LOW","OK") -> LOW

Sheet machines
A1: machines
A2: migrations/0002_plant.sql | Seed: 6 machines
A4: id (PK) | B4: code | C4: name | D4: line
A5: 1 | B5: CNC-01 | C5: CNC Lathe 01 | D5: Machine shop
A6: 2 | B6: CNC-02 | C6: CNC Lathe 02 | D6: Machine shop
A7: 3 | B7: PRS-04 | C7: Power Press 04 | D7: Press bay
A8: 4 | B8: CNV-A | C8: Conveyor A | D8: Assembly
A9: 5 | B9: WLD-2 | C9: Welding Station 2 | D9: Fabrication
A10: 6 | B10: CMP-R | C10: Air Compressor R | D10: Utility

Sheet slips
A1: slips — digital requisition
A2: migrations/0002_plant.sql | Index: slips_status_idx(status, created_at desc)
A4: id (PK) | B4: token | C4: item_id (FK) | D4: machine_id (FK) | E4: qty | F4: issued_qty | G4: department | H4: station | I4: hod_title | J4: hod_confirmed | K4: slip_date | L4: status | M4: note | N4: created_at | O4: decided_at
A5: 1 | B5: SLIP-2607-0001 | C5: 2 | E5: 10 | F5: 0 | G5: Maintenance | H5: Store | I5: Maintenance HOD | J5: =TRUE() -> TRUE | K5: 46207 | L5: issued | N5: 46207 | O5: 46208
A6: 2 | B6: SLIP-2607-0002 | C6: 3 | D6: 6 | E6: 19 | F6: 0 | G6: Utility | H6: Store | I6: Utility HOD | J6: =TRUE() -> TRUE | K6: 46210 | L6: pending | N6: 46210
A7: 3 | B7: SLIP-2607-0003 | C7: 1 | E7: 8 | F7: 0 | G7: Production | H7: Lathe cell | I7: Production HOD | J7: =TRUE() -> TRUE | K7: 46213 | L7: issued | N7: 46213 | O7: 46214
A8: 4 | B8: SLIP-2607-0004 | C8: 9 | D8: 6 | E8: 19 | F8: 0 | G8: Maintenance | H8: Store | I8: Maintenance HOD | J8: =TRUE() -> TRUE | K8: 46216 | L8: pr_open | N8: 46216 | O8: 46217
A9: 5 | B9: SLIP-2607-0005 | C9: 8 | D9: 1 | E9: 7 | F9: 0 | G9: Quality | H9: Store | I9: Quality HOD | J9: =TRUE() -> TRUE | K9: 46219 | L9: pr_open | N9: 46219 | O9: 46220
A10: 6 | B10: SLIP-2607-0006 | C10: 5 | D10: 3 | E10: 5 | F10: 0 | G10: Utility | H10: Store | I10: Utility HOD | J10: =TRUE() -> TRUE | K10: 46222 | L10: pending | N10: 46222
A11: 7 | B11: SLIP-2607-0007 | C11: 2 | D11: 3 | E11: 10 | F11: 0 | G11: Utility | H11: Store | I11: Utility HOD | J11: =TRUE() -> TRUE | K11: 46225 | L11: pending | N11: 46225
A12: 8 | B12: SLIP-2607-0008 | C12: 9 | E12: 14 | F12: 0 | G12: Quality | H12: Store | I12: Quality HOD | J12: =TRUE() -> TRUE | K12: 46228 | L12: pending | N12: 46228
A13: 9 | B13: SLIP-2607-0009 | C13: 10 | D13: 3 | E13: 20 | F13: 0 | G13: Production | H13: Lathe cell | I13: Production HOD | J13: =TRUE() -> TRUE | K13: 46231 | L13: issued | N13: 46231 | O13: 46232
A14: 10 | B14: SLIP-2607-0010 | C14: 1 | D14: 3 | E14: 4 | F14: 0 | G14: Production | H14: Lathe cell | I14: Production HOD | J14: =TRUE() -> TRUE | K14: 46234 | L14: issued | N14: 46234 | O14: 46235
A15: 11 | B15: SLIP-2608-0011 | C15: 7 | D15: 6 | E15: 13 | F15: 0 | G15: Quality | H15: Store | I15: Quality HOD | J15: =TRUE() -> TRUE | K15: 46237 | L15: issued | N15: 46237 | O15: 46238
A16: 12 | B16: SLIP-2608-0012 | C16: 6 | D16: 3 | E16: 4 | F16: 4 | G16: Maintenance | H16: Store | I16: Maintenance HOD | J16: =TRUE() -> TRUE | K16: 46240 | L16: received | N16: 46240 | O16: 46241

Sheet movements
A1: movements — immutable ledger
A2: migrations/0002_plant.sql | Negative qty = issue, positive = receive
A4: id (PK) | B4: item_id (FK) | C4: machine_id (FK) | D4: slip_id (FK) | E4: qty | F4: kind | G4: created_at
A5: 1 | B5: 8 | C5: 1 | E5: -14 | F5: issue | G5: 46217
A6: 2 | B6: 1 | E6: 36 | F6: receive | G6: 46218
A7: 3 | B7: 9 | C7: 1 | E7: -11 | F7: issue | G7: 46219
A8: 4 | B8: 6 | E8: 22 | F8: receive | G8: 46221
A9: 5 | B9: 4 | D9: 4 | E9: -1 | F9: issue | G9: 46221
A10: 6 | B10: 8 | E10: 17 | F10: receive | G10: 46223
A11: 7 | B11: 2 | E11: 40 | F11: receive | G11: 46223
A12: 8 | B12: 8 | E12: 34 | F12: receive | G12: 46226
A13: 9 | B13: 2 | C13: 1 | E13: -7 | F13: issue | G13: 46229
A14: 10 | B14: 4 | E14: 36 | F14: receive | G14: 46230
A15: 11 | B15: 7 | E15: 28 | F15: receive | G15: 46231
A16: 12 | B16: 2 | E16: 24 | F16: receive | G16: 46232
A17: 13 | B17: 3 | E17: 34 | F17: receive | G17: 46232
A18: 14 | B18: 7 | E18: 38 | F18: receive | G18: 46233
A19: 15 | B19: 7 | E19: 34 | F19: receive | G19: 46235
A20: 16 | B20: 1 | C20: 6 | D20: 2 | E20: -3 | F20: issue | G20: 46241
A21: 17 | B21: 2 | E21: 27 | F21: receive | G21: 46244
A22: 18 | B22: 9 | E22: 13 | F22: receive | G22: 46244
A23: 19 | B23: 6 | E23: 38 | F23: receive | G23: 46245
A24: 20 | B24: 1 | C24: 1 | E24: -15 | F24: issue | G24: 46248
A25: 21 | B25: 1 | C25: 2 | E25: -2 | F25: issue | G25: 46248
A26: 22 | B26: 1 | E26: 9 | F26: receive | G26: 46249
A27: 23 | B27: 2 | C27: 5 | E27: -3 | F27: issue | G27: 46250
A28: 24 | B28: 10 | E28: 18 | F28: receive | G28: 46251
A29: 25 | B29: 2 | E29: -4 | F29: issue | G29: 46252
A30: 26 | B30: 5 | C30: 5 | E30: -4 | F30: issue | G30: 46254
A31: 27 | B31: 5 | C31: 6 | E31: -9 | F31: issue | G31: 46257
A32: 28 | B32: 4 | E32: 18 | F32: receive | G32: 46258
A33: 29 | B33: 4 | E33: 30 | F33: receive | G33: 46259
A34: 30 | B34: 7 | E34: 8 | F34: receive | G34: 46260
A35: 31 | B35: 9 | C35: 3 | D35: 11 | E35: -3 | F35: issue | G35: 46261
A36: 32 | B36: 6 | C36: 4 | E36: -5 | F36: issue | G36: 46263
A37: 33 | B37: 3 | E37: 10 | F37: receive | G37: 46265
A38: 34 | B38: 9 | C38: 6 | D38: 5 | E38: -11 | F38: issue | G38: 46266
A39: 35 | B39: 9 | C39: 5 | D39: 4 | E39: -12 | F39: issue | G39: 46267
A40: 36 | B40: 9 | C40: 2 | D40: 9 | E40: -3 | F40: issue | G40: 46275

Sheet bots
A1: bots — RPA definitions
A2: migrations/0003_bot_dashboard.sql | Seed: 4 bots
A4: id (PK) | B4: code | C4: name | D4: description | E4: type | F4: status | G4: cron_expr | H4: config (jsonb) | I4: last_run_at | J4: next_run_at | K4: created_at | L4: updated_at
A5: 1 | B5: BOT-INV-SYNC | C5: Inventory Sync | D5: Syncs item qty from plant floor scans | E5: inventory | F5: active | G5: */10 * * * * | H5: {} | I5: 46274.209 | J5: 46274.216 | K5: 46204 | L5: 46274.209
A6: 2 | B6: BOT-SLIP-PROC | C6: Slip Processor | D6: Auto-decides low-value pending slips | E6: slip | F6: active | G6: */5 * * * * | H6: {"auto_approve_max":5} | I6: 46274.185 | J6: 46274.192 | K6: 46204 | L6: 46274.185
A7: 3 | B7: BOT-REORDER | C7: Reorder Watcher | D7: Raises alerts when qty <= reorder_level | E7: reorder | F7: paused | G7: 0 * * * * | H7: {} | I7: 46274.182 | J7: 46274.189 | K7: 46204 | L7: 46274.182
A8: 4 | B8: BOT-NIGHTLY | C8: Nightly Report | D8: Emails daily consumption summary | E8: report | F8: active | G8: 0 22 * * * | H8: {"recipients":["store@plant"]} | I8: 46274.177 | J8: 46274.184 | K8: 46204 | L8: 46274.177

Sheet bot_runs
A1: bot_runs — execution history
A2: migrations/0003_bot_dashboard.sql | Seed: 6x4 = 24 runs over 7 days
A4: id (PK) | B4: bot_id (FK) | C4: status | D4: trigger | E4: started_at | F4: finished_at | G4: duration_ms | H4: input (jsonb) | I4: output (jsonb) | J4: error | K4: created_at
A5: 1 | B5: 1 | C5: skipped | D5: webhook | E5: 46274.14 | F5: 46274.14 | G5: 3411 | H5: {} | I5: null | K5: 46274.14
A6: 2 | B6: 2 | C6: success | D6: manual | E6: 46274.209 | F6: 46274.209 | G6: 1298 | H6: {} | I6: {} | K6: 46274.209
A7: 3 | B7: 3 | C7: success | D7: schedule | E7: 46274.215 | F7: 46274.215 | G7: 8111 | H7: {} | I7: {} | K7: 46274.215
A8: 4 | B8: 4 | C8: skipped | D8: manual | E8: 46274.21 | F8: 46274.21 | G8: 8620 | H8: {} | I8: null | K8: 46274.21
A9: 5 | B9: 1 | C9: success | D9: manual | E9: 46273.201 | F9: 46273.201 | G9: 1413 | H9: {} | I9: {} | K9: 46273.201
A10: 6 | B10: 2 | C10: success | D10: webhook | E10: 46273.165 | F10: 46273.165 | G10: 4333 | H10: {} | I10: {} | K10: 46273.165
A11: 7 | B11: 3 | C11: skipped | D11: schedule | E11: 46273.192 | F11: 46273.192 | G11: 7168 | H11: {} | I11: null | K11: 46273.192
A12: 8 | B12: 4 | C12: skipped | D12: api | E12: 46273.065 | F12: 46273.065 | G12: 3646 | H12: {} | I12: null | K12: 46273.065
A13: 9 | B13: 1 | C13: success | D13: manual | E13: 46272.062 | F13: 46272.062 | G13: 6784 | H13: {} | I13: {} | K13: 46272.062
A14: 10 | B14: 2 | C14: success | D14: api | E14: 46271.925 | F14: 46271.925 | G14: 5480 | H14: {} | I14: {} | K14: 46271.925
A15: 11 | B15: 3 | C15: success | D15: schedule | E15: 46271.924 | F15: 46271.924 | G15: 1938 | H15: {} | I15: {} | K15: 46271.924
A16: 12 | B16: 4 | C16: success | D16: manual | E16: 46271.89 | F16: 46271.89 | G16: 4645 | H16: {} | I16: {} | K16: 46271.89
... A32: 28 | B32: 4 | C32: success | D32: webhook | E32: 46268.14 | F32: 46268.14 | G32: 4178 | H32: {} | I32: {} | K32: 46268.14

Sheet alerts
A1: alerts
A2: migrations/0003_bot_dashboard.sql | Auto-seeded when qty <= reorder_level
A4: id (PK) | B4: severity | C4: title | D4: message | E4: bot_id (FK, nullable) | F4: item_id (FK, nullable) | G4: acknowledged | H4: created_at
A5: 1 | B5: warn | C5: Low stock: BRG-6205 | D5: Ball Bearing 6205-2RS at or below reorder level | E5: 3 | F5: 2 | G5: =FALSE() -> FALSE | H5: 46274.208
A6: 2 | B6: warn | C6: Low stock: GRS-EP2 | D6: Grease EP2 at or below reorder level | E6: 3 | F6: 5 | G6: =FALSE() -> FALSE | H6: 46274.167
A7: 3 | B7: warn | C7: Low stock: FLT-AIR12 | D7: Air Filter Cartridge at or below reorder level | E7: 3 | F7: 7 | G7: =FALSE() -> FALSE | H7: 46274.125
A8: 4 | B8: warn | C8: Low stock: CBL-3C25 | D8: Cable 3C x 2.5 sqmm at or below reorder level | E8: 3 | F8: 10 | G8: =FALSE() -> FALSE | H8: 46274.083
A9: 5 | B9: critical | C9: Bot failure | D9: BOT-NIGHTLY failed: Timeout calling Sheets API | E9: 4 | G9: =FALSE() -> FALSE | H9: 46274.042
A10: 6 | B10: info | C10: Reorder Watcher paused | D10: Reorder Watcher bot is currently paused | E10: 3 | G10: =FALSE() -> FALSE | H10: 46274

Sheet audit_logs
A1: audit_logs — append-only trail
A2: migrations/0003_bot_dashboard.sql | Denormalized, no FK
A4: id (PK) | B4: actor | C4: action | D4: entity_type | E4: entity_id | F4: payload (jsonb) | G4: created_at
A5: 1 | B5: system | C5: slip.decide | D5: slips | E5: 3 | F5: {"status":"issued"} | G5: 46274.125
A6: 2 | B6: system | C6: bot.create | D6: bots | E6: 1 | F6: {"code":"BOT-INV-SYNC"} | G6: 46274
A7: 3 | B7: system | C7: alert.ack | D7: alerts | E7: 2 | F7: {"acknowledged":true} | G7: 46273.875
A8: 4 | B8: system | C8: bot.run | D8: bot_runs | E8: 18 | F8: {"status":"failed"} | G8: 46273.75
A9: 5 | B9: system | C9: slip.decide | D9: slips | E9: 7 | F9: {"status":"partial","issued_qty":6} | G9: 46273.625
A10: 6 | B10: system | C10: item.update | D10: items | E10: 7 | F10: {"qty":2} | G10: 46273.5

Sheet Computed Views
A1: Computed Views
A2: Not tables — SQL views, mirrored here with live formulas
A4: InventoryRow — items + 30d consumption + daysCover
A5: item_id | B5: code | C5: name | D5: qty | E5: reorder_level | F5: consumed_30d | G5: daysCover
A6: =items!A5 -> 1 | B6: =items!B5 -> HYD-040 | C6: =items!C5 -> Hydraulic Oil ISO 68 | D6: =items!F5 -> 120 | E6: =items!E5 -> 40 | F6: =-SUMIFS(movements!$E$5:$E$40,movements!$B$5:$B$40,A6,movements!$F$5:$F$40,"issue",movements!$G$5:$G$40,">="&(DATE(2026,9,9)-30)) -> 17 | G6: =IF(F6=0,"-",ROUND(D6/(F6/30),1)) -> 211.8
A7: =items!A6 -> 2 | B7: =items!B6 -> BRG-6205 | C7: =items!C6 -> Ball Bearing 6205-2RS | D7: =items!F6 -> 8 | E7: =items!E6 -> 20 | F7: =-SUMIFS(movements!$E$5:$E$40,movements!$B$5:$B$40,A7,movements!$F$5:$F$40,"issue",movements!$G$5:$G$40,">="&(DATE(2026,9,9)-30)) -> 7 | G7: =IF(F7=0,"-",ROUND(D7/(F7/30),1)) -> 34.3
A8: =items!A7 -> 3 | B8: =items!B7 -> BLT-A42 | C8: =items!C7 -> V-Belt A42 | D8: =items!F7 -> 25 | E8: =items!E7 -> 10 | F8: =-SUMIFS(movements!$E$5:$E$40,movements!$B$5:$B$40,A8,movements!$F$5:$F$40,"issue",movements!$G$5:$G$40,">="&(DATE(2026,9,9)-30)) -> 0 | G8: =IF(F8=0,"-",ROUND(D8/(F8/30),1)) -> -
A9: =items!A8 -> 4 | B9: =items!B8 -> WLD-ROD6 | C9: =items!C8 -> Welding Rod 3.15mm | D9: =items!F8 -> 60 | E9: =items!E8 -> 15 | F9: =-SUMIFS(movements!$E$5:$E$40,movements!$B$5:$B$40,A9,movements!$F$5:$F$40,"issue",movements!$G$5:$G$40,">="&(DATE(2026,9,9)-30)) -> 0 | G9: =IF(F9=0,"-",ROUND(D9/(F9/30),1)) -> -
A10: =items!A9 -> 5 | B10: =items!B9 -> GRS-EP2 | C10: =items!C9 -> Grease EP2 | D10: =items!F9 -> 5 | E10: =items!E9 -> 12 | F10: =-SUMIFS(movements!$E$5:$E$40,movements!$B$5:$B$40,A10,movements!$F$5:$F$40,"issue",movements!$G$5:$G$40,">="&(DATE(2026,9,9)-30)) -> 13 | G10: =IF(F10=0,"-",ROUND(D10/(F10/30),1)) -> 11.5
A11: =items!A10 -> 6 | B11: =items!B10 -> SEAL-25X40 | C11: =items!C10 -> Oil Seal 25x40x7 | D11: =items!F10 -> 30 | E11: =items!E10 -> 8 | F11: =-SUMIFS(movements!$E$5:$E$40,movements!$B$5:$B$40,A11,movements!$F$5:$F$40,"issue",movements!$G$5:$G$40,">="&(DATE(2026,9,9)-30)) -> 5 | G11: =IF(F11=0,"-",ROUND(D11/(F11/30),1)) -> 180
A12: =items!A11 -> 7 | B12: =items!B11 -> FLT-AIR12 | C12: =items!C11 -> Air Filter Cartridge | D12: =items!F11 -> 2 | E12: =items!E11 -> 6 | F12: =-SUMIFS(movements!$E$5:$E$40,movements!$B$5:$B$40,A12,movements!$F$5:$F$40,"issue",movements!$G$5:$G$40,">="&(DATE(2026,9,9)-30)) -> 0 | G12: =IF(F12=0,"-",ROUND(D12/(F12/30),1)) -> -
A13: =items!A12 -> 8 | B13: =items!B12 -> PNT-EP1 | C13: =items!C12 -> Epoxy Paint White | D13: =items!F12 -> 40 | E13: =items!E12 -> 10 | F13: =-SUMIFS(movements!$E$5:$E$40,movements!$B$5:$B$40,A13,movements!$F$5:$F$40,"issue",movements!$G$5:$G$40,">="&(DATE(2026,9,9)-30)) -> 0 | G13: =IF(F13=0,"-",ROUND(D13/(F13/30),1)) -> -
A14: =items!A13 -> 9 | B14: =items!B13 -> NUT-M12 | C14: =items!C13 -> Hex Nut M12 | D14: =items!F13 -> 480 | E14: =items!E13 -> 100 | F14: =-SUMIFS(movements!$E$5:$E$40,movements!$B$5:$B$40,A14,movements!$F$5:$F$40,"issue",movements!$G$5:$G$40,">="&(DATE(2026,9,9)-30)) -> 29 | G14: =IF(F14=0,"-",ROUND(D14/(F14/30),1)) -> 496.6
A15: =items!A14 -> 10 | B15: =items!B14 -> CBL-3C25 | C15: =items!C14 -> Cable 3C x 2.5 sqmm | D15: =items!F14 -> 15 | E15: =items!E14 -> 50 | F15: =-SUMIFS(movements!$E$5:$E$40,movements!$B$5:$B$40,A15,movements!$F$5:$F$40,"issue",movements!$G$5:$G$40,">="&(DATE(2026,9,9)-30)) -> 0 | G15: =IF(F15=0,"-",ROUND(D15/(F15/30),1)) -> -
A18: MachineStat — per-machine 30d consumption
A19: machine_id | B19: code | C19: name | D19: consumed_30d | E19: movements_count
A20: =machines!A5 -> 1 | B20: =machines!B5 -> CNC-01 | C20: =machines!C5 -> CNC Lathe 01 | D20: =-SUMIFS(movements!$E$5:$E$40,movements!$C$5:$C$40,A20,movements!$F$5:$F$40,"issue") -> 47 | E20: =COUNTIFS(movements!$C$5:$C$40,A20,movements!$F$5:$F$40,"issue") -> 4
A21: =machines!A6 -> 2 | B21: =machines!B6 -> CNC-02 | C21: =machines!C6 -> CNC Lathe 02 | D21: =-SUMIFS(movements!$E$5:$E$40,movements!$C$5:$C$40,A21,movements!$F$5:$F$40,"issue") -> 5 | E21: =COUNTIFS(movements!$C$5:$C$40,A21,movements!$F$5:$F$40,"issue") -> 2
A22: =machines!A7 -> 3 | B22: =machines!B7 -> PRS-04 | C22: =machines!C7 -> Power Press 04 | D22: =-SUMIFS(movements!$E$5:$E$40,movements!$C$5:$C$40,A22,movements!$F$5:$F$40,"issue") -> 3 | E22: =COUNTIFS(movements!$C$5:$C$40,A22,movements!$F$5:$F$40,"issue") -> 1
A23: =machines!A8 -> 4 | B23: =machines!B8 -> CNV-A | C23: =machines!C8 -> Conveyor A | D23: =-SUMIFS(movements!$E$5:$E$40,movements!$C$5:$C$40,A23,movements!$F$5:$F$40,"issue") -> 5 | E23: =COUNTIFS(movements!$C$5:$C$40,A23,movements!$F$5:$F$40,"issue") -> 1
A24: =machines!A9 -> 5 | B24: =machines!B9 -> WLD-2 | C24: =machines!C9 -> Welding Station 2 | D24: =-SUMIFS(movements!$E$5:$E$40,movements!$C$5:$C$40,A24,movements!$F$5:$F$40,"issue") -> 19 | E24: =COUNTIFS(movements!$C$5:$C$40,A24,movements!$F$5:$F$40,"issue") -> 3
A25: =machines!A10 -> 6 | B25: =machines!B10 -> CMP-R | C25: =machines!C10 -> Air Compressor R | D25: =-SUMIFS(movements!$E$5:$E$40,movements!$C$5:$C$40,A25,movements!$F$5:$F$40,"issue") -> 23 | E25: =COUNTIFS(movements!$C$5:$C$40,A25,movements!$F$5:$F$40,"issue") -> 3
A28: Refill Dashboard — consumed30 vs received30, per item
A29: item_id | B29: code | C29: consumed_30d | D29: received_30d | E29: net
A30: =items!A5 -> 1 | B30: =items!B5 -> HYD-040 | C30: =-SUMIFS(movements!$E$5:$E$40,movements!$B$5:$B$40,A30,movements!$F$5:$F$40,"issue",movements!$G$5:$G$40,">="&(DATE(2026,9,9)-30)) -> 17 | D30: =SUMIFS(movements!$E$5:$E$40,movements!$B$5:$B$40,A30,movements!$F$5:$F$40,"receive",movements!$G$5:$G$40,">="&(DATE(2026,9,9)-30)) -> 9 | E30: =D30-C30 -> -8
A31: =items!A6 -> 2 | B31: =items!B6 -> BRG-6205 | C31: =-SUMIFS(movements!$E$5:$E$40,movements!$B$5:$B$40,A31,movements!$F$5:$F$40,"issue",movements!$G$5:$G$40,">="&(DATE(2026,9,9)-30)) -> 7 | D31: =SUMIFS(movements!$E$5:$E$40,movements!$B$5:$B$40,A31,movements!$F$5:$F$40,"receive",movements!$G$5:$G$40,">="&(DATE(2026,9,9)-30)) -> 27 | E31: =D31-C31 -> 20
A32: =items!A7 -> 3 | B32: =items!B7 -> BLT-A42 | C32: =-SUMIFS(movements!$E$5:$E$40,movements!$B$5:$B$40,A32,movements!$F$5:$F$40,"issue",movements!$G$5:$G$40,">="&(DATE(2026,9,9)-30)) -> 0 | D32: =SUMIFS(movements!$E$5:$E$40,movements!$B$5:$B$40,A32,movements!$F$5:$F$40,"receive",movements!$G$5:$G$40,">="&(DATE(2026,9,9)-30)) -> 10 | E32: =D32-C32 -> 10
A33: =items!A8 -> 4 | B33: =items!B8 -> WLD-ROD6 | C33: =-SUMIFS(movements!$E$5:$E$40,movements!$B$5:$B$40,A33,movements!$F$5:$F$40,"issue",movements!$G$5:$G$40,">="&(DATE(2026,9,9)-30)) -> 0 | D33: =SUMIFS(movements!$E$5:$E$40,movements!$B$5:$B$40,A33,movements!$F$5:$F$40,"receive",movements!$G$5:$G$40,">="&(DATE(2026,9,9)-30)) -> 48 | E33: =D33-C33 -> 48
A34: =items!A9 -> 5 | B34: =items!B9 -> GRS-EP2 | C34: =-SUMIFS(movements!$E$5:$E$40,movements!$B$5:$B$40,A34,movements!$F$5:$F$40,"issue",movements!$G$5:$G$40,">="&(DATE(2026,9,9)-30)) -> 13 | D34: =SUMIFS(movements!$E$5:$E$40,movements!$B$5:$B$40,A34,movements!$F$5:$F$40,"receive",movements!$G$5:$G$40,">="&(DATE(2026,9,9)-30)) -> 0 | E34: =D34-C34 -> -13
A35: =items!A10 -> 6 | B35: =items!B10 -> SEAL-25X40 | C35: =-SUMIFS(movements!$E$5:$E$40,movements!$B$5:$B$40,A35,movements!$F$5:$F$40,"issue",movements!$G$5:$G$40,">="&(DATE(2026,9,9)-30)) -> 5 | D35: =SUMIFS(movements!$E$5:$E$40,movements!$B$5:$B$40,A35,movements!$F$5:$F$40,"receive",movements!$G$5:$G$40,">="&(DATE(2026,9,9)-30)) -> 38 | E35: =D35-C35 -> 33
A36: =items!A11 -> 7 | B36: =items!B11 -> FLT-AIR12 | C36: =-SUMIFS(movements!$E$5:$E$40,movements!$B$5:$B$40,A36,movements!$F$5:$F$40,"issue",movements!$G$5:$G$40,">="&(DATE(2026,9,9)-30)) -> 0 | D36: =SUMIFS(movements!$E$5:$E$40,movements!$B$5:$B$40,A36,movements!$F$5:$F$40,"receive",movements!$G$5:$G$40,">="&(DATE(2026,9,9)-30)) -> 8 | E36: =D36-C36 -> 8
A37: =items!A12 -> 8 | B37: =items!B12 -> PNT-EP1 | C37: =-SUMIFS(movements!$E$5:$E$40,movements!$B$5:$B$40,A37,movements!$F$5:$F$40,"issue",movements!$G$5:$G$40,">="&(DATE(2026,9,9)-30)) -> 0 | D37: =SUMIFS(movements!$E$5:$E$40,movements!$B$5:$B$40,A37,movements!$F$5:$F$40,"receive",movements!$G$5:$G$40,">="&(DATE(2026,9,9)-30)) -> 0 | E37: =D37-C37 -> 0
A38: =items!A13 -> 9 | B38: =items!B13 -> NUT-M12 | C38: =-SUMIFS(movements!$E$5:$E$40,movements!$B$5:$B$40,A38,movements!$F$5:$F$40,"issue",movements!$G$5:$G$40,">="&(DATE(2026,9,9)-30)) -> 29 | D38: =SUMIFS(movements!$E$5:$E$40,movements!$B$5:$B$40,A38,movements!$F$5:$F$40,"receive",movements!$G$5:$G$40,">="&(DATE(2026,9,9)-30)) -> 13 | E38: =D38-C38 -> -16
A39: =items!A14 -> 10 | B39: =items!B14 -> CBL-3C25 | C39: =-SUMIFS(movements!$E$5:$E$40,movements!$B$5:$B$40,A39,movements!$F$5:$F$40,"issue",movements!$G$5:$G$40,">="&(DATE(2026,9,9)-30)) -> 0 | D39: =SUMIFS(movements!$E$5:$E$40,movements!$B$5:$B$40,A39,movements!$F$5:$F$40,"receive",movements!$G$5:$G$40,">="&(DATE(2026,9,9)-30)) -> 18 | E39: =D39-C39 -> 18

Sheet ER Diagram
A1: ER Relationships
A2: Foreign key map (Mermaid source: see DATABASE.md)
A4: Parent | B4: Child | C4: FK column | D4: Cardinality / on-delete
A5: items | B5: slips | C5: item_id | D5: 1 → many
A6: machines | B6: slips | C6: machine_id | D6: 1 → many
A7: items | B7: movements | C7: item_id | D7: 1 → many
A8: machines | B8: movements | C8: machine_id | D8: 1 → many
A9: slips | B9: movements | C9: slip_id | D9: 1 → many
A10: items | B10: alerts | C10: item_id | D10: 1 → many (SET NULL)
A11: bots | B11: bot_runs | C11: bot_id | D11: 1 → many (CASCADE)
A12: bots | B12: alerts | C12: bot_id | D12: 1 → many (SET NULL)
